map,neighbor,p RAAS,RAAS,p AAS,AAS,p inv,Invasion,p tc,TC,p ins,Insurgency,p des,Destruction
Sumari,4,0.04671099133320487,1.7573670865716668,0.018142396982922207,-0.06263291342833718,0.0613662160119899,1.9373670865716714,0.005284014813054005,0.3073670865716629,0.0940562051327679,1.5773670865716627,0,0
Logar,3,0.05645923990357172,1.3624360983933321,0.0738228107180772,1.292436098393334,0,0,0.08058710828237037,0.6024360983933323,0.10131480264106255,0.9124360983933326,0,0
Kokan,3,0.05816149720393898,2.3024360983933327,0.08989142290538586,2.5624360983933334,0.02071753474069865,0.3024360983933321,0,0,0.164336917363133,1.2224360983933322,0,0
Chora,2,0.06830879197774518,1.2359944993142244,0.07368993537107561,1.1159944993142243,0.06506632534330656,0.5959944993142245,0,0,0.1402685520180672,0.24599449931422443,0,0
Mestia,2,0.04988857312459673,0.09599449931422452,0.010526435915667808,-0.6840055006857755,0.06994300599704896,0.8259944993142241,0.07637007602886378,-0.25400550068577554,0,0,0,0
FoolsRoad,2,0.03857050969691245,-0.25400550068577554,0.010374869616218595,-0.7340055006857755,0.07925613125009444,1.3559944993142246,0,0,0,0,0.11944875956309256,-0.4540055006857755
Narva,1,0.036677767165096006,-0.4967952832402951,0.010457962350680984,-0.8067952832402951,0.0821485095116102,1.053204716759705,0.07976012244226668,-0.39679528324029467,0,0,0.35604998446819625,-0.32679528324029516
Fallujah,5,0.0637367042458124,5.661979413923872,0.028031901928659165,1.6619794139238735,0.040867044456132345,2.9619794139238707,0,0,0.16359982434783576,4.20197941392387,0,0
Belaya,2,0.06054946657432167,0.5959944993142245,0.04192710516341227,0.10599449931422453,0.07684379147713359,1.0359944993142238,0,0,0,0,0,0
Anvil,2,0.020845978199218535,-0.7440055006857755,0.013507566638236202,-0.7340055006857755,0.05877600638746071,0.7459944993142245,0,0,0,0,0,0
Mutaha,5,0.0815094983428966,7.351979413923871,0.07361453392468346,4.871979413923871,0.016291201299039024,1.861979413923879,0.0005711564212389977,1.3719794139238712,0,0,0,0
Kamdesh,1,0.0711756545631969,0.4132047167597048,0.026488341623931218,-0.5867952832402952,0.03849785614256666,0.05320471675970481,0.13430041068441076,0.21320471675970462,0.06810011660677497,-0.7167952832402951,0,0
AlBasrah,3,0.05849245318778674,1.6024360983933348,0.06367714169181014,1.5824360983933339,0.02272040930796837,0.7224360983933322,0,0,0.13178729307830958,0.8624360983933326,0,0
Kohat,2,0.004612732506459784,-0.7540055006857755,0.01504357776534975,-0.7540055006857755,0.05638748007674683,0.24599449931422443,0,0,0.05718042006982704,-0.5540055006857754,0,0
Skorpo,5,0.01013448800606334,0.49197941392387046,0.018105914364166323,0.40197941392387193,0.058625060145663,2.8319794139238716,0.12146346019863015,3.0119794139238714,0,0,0,0
GooseBay,2,0.05434972370115884,0.38599449931422447,0.09477052296170398,1.0559944993142276,0.017601856464221775,-0.7540055006857755,0,0,0,0,0,0
Manic,3,0.06235669514208271,0.6524360983933324,0.026485240263327194,-0.3075639016066676,0.07305098555597267,1.5824360983933339,0.13096201117397221,1.4824360983933322,0,0,0,0
LashkarValley,1,0.027973245995224532,-0.5867952832402952,0.08101670078608436,0.4932047167597049,0.03297142491393833,0.05320471675970481,0.11945316147277939,-0.09679528324029515,0.026757804192145983,-0.7567952832402952,0,0
Gorodok,4,0.028272336092025403,0.43736708657166345,0.08035234519285087,4.547367086571663,0.06998784290074762,2.1073670865716636,0,0,0.05259806455007587,-0.2626329134283367,0.1269305721176895,2.087367086571664
BlackCoast,5,0.03361147085259472,1.9519794139238786,0.05445816914359035,4.201979413923873,0.022268439891463866,1.6419794139238775,0,0,0,0,0,0
Tallil,1,0.04794779702620345,-0.08679528324029515,0.04163879070090298,-0.4167952832402949,0.028335647152136535,-0.42679528324029514,0.12173380689715495,0.05320471675970481,0,0,0,0
Yehorivka,4,0.019654385159888578,0.49736708657166284,0.05397631399126375,2.4773670865716637,0.008277230974059968,0.647367086571663,0.1295146715852587,1.2873670865716629,0,0,0.014768267896328027,0.7473670865716631
Sumari,4,0.055023677861924546,2.7273670865716664,0.05788596277149277,3.717367086571664,0.04172094787301118,2.9373670865716717,0.02367576117065659,-0.602632913428337,0.08080111350885899,1.7173670865716641,0,0
Logar,3,0.08896451459479983,2.5924360983933328,0.06918476195921022,2.292436098393334,0,0,0.16321687715889788,1.5224360983933323,0.07389590587641337,-0.04756390160666732,0,0
Kokan,3,0.03523948037683213,0.7824360983933352,0.006682132832220577,-0.6475639016066663,0.009510902302902033,-0.17756390160666788,0,0,0.15225978755581707,3.8524360983933343,0,0
Chora,2,0.013828225266078319,-0.26400550068577555,0.05149282680466013,0.6159944993142243,0.07955965412030148,1.0359944993142245,0,0,0.05488626043196773,-0.25400550068577554,0,0
Mestia,2,0.041610320434015254,0.09599449931422452,0.03146041480619614,-0.18400550068577545,0.05937548489648216,0.4759944993142242,0.07963351444738756,-0.25400550068577554,0,0,0,0
FoolsRoad,2,0.09687931909498006,1.2459944993142242,0.04627693497694694,0.2659944993142245,0.05724897042191646,0.2659944993142249,0,0,0,0,0.2013521100444515,-0.38400550068577544
Narva,1,0.05557680901233616,0.0032047167597049064,0.07315617021687609,0.6932047167597049,0.036697054211685516,-0.44679528324029505,0.17302932884794717,0.1032047167597053,0,0,0.2757749334463422,-0.626795283240295
Fallujah,5,0.07053237204485442,8.111979413923873,0.023250760918451064,1.3919794139238733,0.03848562576032353,3.65197941392387,0,0,0.11315594164582429,4.701979413923869,0,0
Belaya,2,0.06360589193774888,0.9759944993142244,0.0757824506165997,1.6059944993142268,0.064553347847117,0.6359944993142239,0,0,0,0,0,0
Anvil,2,0.023553742938675452,-0.4140055006857757,0.010709850240436298,-0.7340055006857755,0.0837768807847759,0.24599449931422443,0,0,0,0,0,0
Mutaha,5,0.002067132070771494,7.351979413923871,0.06693076870211051,5.711979413923871,0.06812663112602274,1.861979413923887,0.08773936125726413,1.3719794139238712,0,0,0,0
Kamdesh,1,0.034292185385100885,-0.21679528324029526,0.02726289929682648,-0.3367952832402954,0.08109213335892125,0.23320471675970453,0.019882193984985343,-0.7467952832402953,0.07696114068294113,-0.7167952832402951,0,0
AlBasrah,3,0.041745544708841495,1.7524360983933363,0.025869171522949274,0.09243609839333386,0.028537510375432288,0.7224360983933322,0,0,0.10437092718509919,0.47243609839333267,0,0
Kohat,2,0.02123825729118345,-0.7440055006857755,0.06639009970835806,0.6659944993142244,0.0060536757877564865,-0.6340055006857754,0,0,0.08909653931669029,-0.5540055006857754,0,0
Skorpo,5,0.04887876897369511,1.9619794139238784,0.03433387639590595,2.571979413923872,0.020501246032952832,2.6219794139238726,0.08281575358897315,3.4719794139238713,0,0,0,0
GooseBay,2,0.06494140165813136,0.8759944993142244,0.0678051206653939,1.4859944993142271,0.011657058166300168,-0.7540055006857755,0,0,0,0,0,0
Manic,3,0.07244998893498869,1.1424360983933324,0.016317422141348556,-0.3075639016066676,0.0013270948040213222,-0.8775639016066639,0.004186407179954381,-0.9375639016066677,0,0,0,0
LashkarValley,1,0.06614297277562702,0.4132047167597048,0.059518894717273445,0.4932047167597049,0.08822108258014752,0.5232047167597048,0.13321126110002154,-0.09679528324029515,0.171577186318085,-0.2567952832402952,0,0
Gorodok,4,0.014875250636675753,-0.5526329134283365,0.038127074401868084,2.1073670865716636,0.08401215528838035,2.1073670865716636,0,0,0.08299519747830307,-0.012632913428336931,0.11829352379012756,1.4373670865716641
BlackCoast,5,0.021489096189162206,1.461979413923879,0.03241148219781984,2.3819794139238724,0.03616886786028103,2.071979413923879,0,0,0,0,0,0
Tallil,1,0.0032486169437066737,-0.9967952832402951,0.05152314373221996,0.08320471675970506,0.052591259805065335,-0.0067952832402952,0.10489250984885497,-0.4067952832402951,0,0,0,0
Yehorivka,4,0.06381643086987059,2.3373670865716623,0.06762778037483608,3.5673670865716645,0.050782416596203465,0.647367086571663,0.1277170314150573,2.6273670865716623,0,0,0.38136987640841374,2.7073670865716633
Sumari,4,0.0029335945632569618,0.8473670865716665,0.0733689615357064,4.737367086571663,0.018678415063582497,1.99736708657168,0.05036371353895051,1.8973670865716714,0.16269513799248161,2.917367086571665,0,0
Logar,3,0.08818830343472213,3.532436098393333,0.02999659018530015,0.3524360983933339,0,0,0.13358418699586136,1.6724360983933326,0.11530121356139499,0.9524360983933327,0,0
Kokan,3,0.041376670734732515,0.7824360983933352,0.03738512124766822,0.3024360983933341,0.03499497570282456,-0.17756390160666788,0,0,0.10451001189547164,-0.31756390160666537,0,0
Chora,2,0.07232589591125048,1.2359944993142244,0.0243556390835286,-0.4740055006857753,0.03100263126839038,-0.4640055006857755,0,0,0.10334684731165927,-0.25400550068577554,0,0
Mestia,2,0.012657811165885107,-0.3640055006857754,0.07276491490698943,0.695994499314226,0.030456167786222527,-0.024005500685775755,0.03884795864161713,-0.25400550068577554,0,0,0,0
FoolsRoad,2,0.013277694615005957,-0.7340055006857757,0.03241713754877982,-0.23400550068577505,0.048293560763387734,0.23599449931422486,0,0,0,0,0.3756388802054411,0.49599449931422446
Narva,1,0.04865828548719127,0.45320471675970486,0.08012511661856563,0.5432047167597052,0.01609734300694683,-0.44679528324029505,0.12329815905375421,0.1032047167597053,0,0,0.10843306538932959,-0.9867952832402949
Fallujah,5,0.057827779646187016,9.031979413923874,0.02871351980116606,1.6219794139238728,0.009615812281692742,3.15197941392387,0,0,0.16226293787128315,5.611979413923869,0,0
Belaya,2,0.10539794654408532,2.875994499314225,0.02318993276618545,-0.4440055006857728,0.06804653428274864,1.0959944993142239,0,0,0,0,0,0
Anvil,2,0.013024405492209708,-0.4440055006857757,0.06107335132356781,0.35599449931422456,0.06228848831227171,0.24599449931422443,0,0,0,0,0,0
Mutaha,5,0.014248830252780198,6.431979413923871,0.0785848917680021,6.5519794139238705,0.05594148082605088,1.861979413923895,0.10834898160182471,2.381979413923875,0,0,0,0
Kamdesh,1,0.0018261462384637302,-0.9567952832402951,0.010591713079696734,-0.8367952832402954,0.06223963232599653,0.23320471675970453,0.008067381640769363,-0.7467952832402953,0.14821903768894581,-0.21679528324029504,0,0
AlBasrah,3,0.04118442285057832,1.842436098393342,0.04925029762973665,1.2824360983933358,0.07560526776368343,2.3624360983933315,0,0,0.016838929401279117,-0.5075639016066673,0,0
Kohat,2,0.009937936202329578,-0.6840055006857755,0.06539765193397168,0.4059944993142246,0.05862577141828087,-0.10400550068577538,0,0,0.10435050761106582,-0.5340055006857753,0,0
Skorpo,5,0.017831266494861626,0.611979413923879,0.07038732016562417,3.9019794139238786,0.037018871471921413,2.6219794139238726,0.13064915720975406,3.4719794139238713,0,0,0,0
GooseBay,2,0.10381883824970586,2.8159944993142245,0.04707136445243998,0.19599449931422727,0.07326728666843028,0.7159944993142244,0,0,0,0,0,0
Manic,3,0.032050586219042686,0.15243609839333236,0.032278588153034506,0.15243609839333236,0.07230627475400454,0.512436098393336,0.18000523107149236,2.502436098393332,0,0,0,0
LashkarValley,1,0.08848079057296884,1.4132047167597048,0.07149687854289606,0.3632047167597052,0.0556742296836133,0.04320471675970469,0.07065701720755715,-0.31679528324029493,0.05127651374460515,-0.7267952832402952,0,0
Gorodok,4,0.07824703147390226,4.917367086571664,0.056956728815609974,2.1073670865716636,0.056253185084886734,2.1073670865716636,0,0,0.031198862921813515,-0.4926329134283369,0.3049561112865154,3.0473670865716636
BlackCoast,5,0.09938083712100403,8.641979413923881,0.034363234256523316,1.8819794139238808,0.058042432189548944,2.5419794139238787,0,0,0,0,0,0
Tallil,1,0.02684849558436618,-0.4867952832402951,0.015499542519146661,-0.7167952832402952,0.030838277890194443,-0.4867952832402952,0.11594727365265785,0.08320471675970484,0,0,0,0
Yehorivka,4,0.030476431145470276,1.2273670865716622,0.004731503665860512,-0.6626329134283357,0.044713361455320996,1.2573670865716626,0.04023093938576113,1.647367086571665,0,0,0.1697807824732806,3.4673670865716684
Sumari,4,0.06509588471073949,3.817367086571668,0.06335174828921346,3.0873670865716623,0.08286465203117847,3.8673670865716696,0.025966969583544337,-0.012632913428337153,0.0463410737140105,1.6373670865716659,0,0
Logar,3,0.026289615932172317,0.27243609839333227,0.07579054856167755,2.092436098393332,0,0,0.1982646735762469,4.032436098393333,0.16966773671703037,3.212436098393333,0,0
Kokan,3,0.024376838123224123,-0.4475639016066676,0.0803783955997973,1.4724360983933351,0.07578696175885476,0.7624360983933325,0,0,0.02778353101082908,-0.4075639016066672,0,0
Chora,2,0.02196744098467019,-0.38400550068577555,0.0031317606599436136,-0.8540055006857755,0.0008264522210711838,-0.954005500685775,0,0,0.15242146984934993,0.9259944993142242,0,0
Mestia,2,0.05167551071974219,0.24599449931422443,0.017257141575197796,-0.40400550068577545,0.010868091636511645,-0.5440055006857754,0.059356707205362735,-0.2440055006857755,0,0,0,0
FoolsRoad,2,0.08877860104578378,1.2459944993142245,0.039496403442916994,-0.25400550068577554,0.08149654559629975,0.4759944993142242,0,0,0,0,0.087873207166376,1.0459944993142245
Narva,1,0.02030437957569806,-0.5967952832402952,0.020470715607247815,-0.5967952832402952,0.00753063680624808,-0.9067952832402951,0.05800369181799164,-0.43679528324029515,0,0,0.29418661505825144,-0.05679528324029512
Fallujah,5,0.04429129658480286,4.721979413923872,0.07002637049863264,5.441979413923869,0.07817327857832129,3.61197941392387,0,0,0.03276897405958961,2.8019794139238705,0,0
Belaya,2,0.00920363822881114,-0.8940055006857754,0.012625175009279082,-0.8640055006857754,0.07037877699336595,0.24599449931422443,0,0,0,0,0,0
Anvil,2,0.06197517351419942,1.1359944993142244,0.07792638275721782,1.1159944993142246,0.07484830536390939,0.7959944993142241,0,0,0,0,0,0
Mutaha,5,0.050435689492096585,4.4719794139238696,0.04176092029460704,3.2219794139238696,0.012305039628783281,1.4219794139238724,0.13927236878356258,2.351979413923871,0,0,0,0
Kamdesh,1,0.04646495235696035,-0.08679528324029515,0.038432821505344675,-0.1567952832402952,0.0009523043477462393,-0.9067952832402951,0.05705477748738551,-0.43679528324029515,0.2121613280173647,1.553204716759706,0,0
AlBasrah,3,0.048500449226391,1.0324360983933323,0.07087734411265265,1.572436098393333,0.06400184544375792,0.7224360983933322,0,0,0.020726161382105767,-0.017563901606667293,0,0
Kohat,2,0.0717752777934468,1.2459944993142245,0.041507854070005935,0.24599449931422443,0.0532882165114116,0.24599449931422443,0,0,0.19027596096088703,1.7459944993142296,0,0
Skorpo,5,0.013334561745368949,0.45197941392387064,0.07842539405387246,5.691979413923873,0.0898327261647547,4.49197941392387,0.08994483834255237,3.241979413923872,0,0,0,0
GooseBay,2,0.08900634314425018,0.7459944993142245,0.02122547409496473,-0.7540055006857755,0.06116267527182615,-0.18400550068577545,0,0,0,0,0,0
Manic,3,0.0033200137451244987,-0.8975639016066677,0.060774316411905914,1.162436098393334,0.05756037307045551,0.6024360983933323,0.15132742289075796,2.0724360983933323,0,0,0,0
LashkarValley,1,0.09145082736172097,0.8932047167597048,0.027602263829926855,-0.5867952832402952,0.001347918627510281,-0.9167952832402951,0.09730737595747742,-0.09679528324029515,0.0876146363039609,0.05320471675970481,0,0
Gorodok,4,0.02949641305354932,0.7473670865716628,0.0060090368170356515,-0.8626329134283368,0.06024515941118479,2.5773670865716634,0,0,0.06023912798487215,0.8373670865716631,0.09132703907518802,1.617367086571664
BlackCoast,5,0.05952931360326459,3.831979413923877,0.057295055600629086,3.111979413923873,0.05505057071390814,2.731979413923872,0,0,0,0,0,0
Tallil,1,0.014401164113910854,-0.5867952832402952,0.06570301400246716,0.28320471675970493,0.05713047805450804,0.05320471675970481,0.1106391895408397,0.05320471675970481,0,0,0,0
Yehorivka,4,0.0683266149440724,3.337367086571664,0.02993186320546392,0.637367086571663,0.004348991768392728,0.34736708657166315,0.012861984814278828,-0.18263291342833707,0,0,0.2646212307179213,0.7673670865716631
Sumari,4,0.02390060879482887,1.3473670865716665,0.07953359425711648,5.737367086571663,0.023052394416675805,1.9973670865716888,0.1716173190747683,4.887367086571672,0.06468222825726941,3.5473670865716667,0,0
Logar,3,0.016847980684668216,1.0824360983933325,0.04501106509392574,0.8024360983933339,0,0,0.00272037652877484,-0.7575639016066669,0.004939059139999253,-0.647563901606667,0,0
Kokan,3,0.033752417021611726,1.7824360983933412,0.054162360422536304,1.242436098393334,0.03623461799542219,-0.17756390160666788,0,0,0.15982032787028638,0.6824360983933346,0,0
Chora,2,0.032857022266148436,0.7659944993142245,0.05196290533034614,0.375994499314225,0.051976133263240513,0.035994499314224465,0,0,0.14628406449271975,-0.25400550068577554,0,0
Mestia,2,0.02945210390747664,0.6259944993142246,0.01789494216841405,-0.5140055006857747,0.10289716567739352,0.9759944993142242,0.1194931663994022,0.6459944993142244,0,0,0,0
FoolsRoad,2,0.010456769962964001,-0.6640055006857757,0.08179929999287683,0.7659944993142249,0.016087680212700142,-0.2540055006857751,0,0,0,0,0.19916867146112446,1.4159944993142244
Narva,1,0.016252766889755358,-0.5367952832402951,0.042517867843044004,-0.2167952832402946,0.010621244369563571,-0.416795283240295,0.16145622941544313,1.0832047167597052,0,0,0.16711544323656619,-0.49679528324029487
Fallujah,5,0.07977367077030856,9.031979413923874,0.07407172298740478,5.5819794139238725,0.10527470046163649,2.70197941392387,0,0,0.16569334124609358,7.591979413923871,0,0
Belaya,2,0.05559334708626158,1.395994499314225,0.00776437395312551,-0.4440055006857728,0.031665802866853485,1.0959944993142239,0,0,0,0,0,0
Anvil,2,0.06991876354699127,2.055994499314224,0.011704239595390242,-0.6440055006857754,0.05250032640139228,0.24599449931422443,0,0,0,0,0,0
Mutaha,5,0.053950065483798305,7.93197941392388,0.09004559531123531,7.551979413923872,0.02231261181968981,1.861979413923903,0.11676863133132905,2.381979413923875,0,0,0,0
Kamdesh,1,0.03442434461857214,0.07320471675970494,0.05717150572379046,0.16320471675970458,0.11083718747209541,0.7332047167597047,0.0776209356929915,-0.2567952832402953,0.13423258521912268,-0.7167952832402951,0,0
AlBasrah,3,0.046292170441633494,1.9124360983933488,0.024772406772840337,0.07243609839333562,0.04286061681272629,2.3624360983933315,0,0,0.09151522286513371,-0.13756390160666743,0,0
Kohat,2,0.06965195889452877,1.8159944993142314,0.0050108987349789065,-0.5940055006857754,0.025308222197203842,-0.10400550068577538,0,0,0.13131468386076167,-0.5340055006857753,0,0
Skorpo,5,0.005321054451764835,1.081979413923879,0.049189228577112415,3.9019794139238875,0.005469979435339292,2.6219794139238726,0.03667224823987086,3.961979413923879,0,0,0,0
GooseBay,2,0.0450925170338157,1.3159944993142245,0.010060085485173809,-0.7840055006857727,0.0772633719799885,1.9359944993142297,0,0,0,0,0,0
Manic,3,0.037849547493388015,0.15243609839333236,0.09006389129399056,3.002436098393334,0.015019404950561253,0.512436098393336,0.07434065987630309,1.022436098393332,0,0,0,0
LashkarValley,1,0.06784828216093111,1.4132047167597048,0.028669421059156444,-0.416795283240295,0.0235473245828807,-0.4567952832402953,0.15399497827445988,1.183204716759705,0.022370301671732935,-0.9267952832402949,0,0
Gorodok,4,0.046759771699353796,4.417367086571664,0.014934160910044908,0.6973670865716637,0.09127309378289855,2.1073670865716636,0,0,0.07914818537688054,-0.2826329134283372,0.4197239597612965,3.537367086571664
BlackCoast,5,0.06940058811767046,9.121979413923881,0.06289488303706756,4.211979413923881,0.07719515112858484,3.0419794139238787,0,0,0,0,0,0
Tallil,1,0.0799803493233428,1.5132047167597051,0.01517181045933731,-0.7167952832402952,0.011606576292560407,-0.4867952832402952,0.039626760177658905,-0.41679528324029513,0,0,0,0
Yehorivka,4,0.07462389935018596,4.227367086571661,0.08559374099109195,5.257367086571664,0.06699639388059299,1.2573670865716626,0.045688694988998156,1.6473670865716676,0,0,0.14883219319760319,3.3273670865716714
Sumari,4,0.04603118389715641,3.817367086571675,0.03824206555568518,2.6273670865716623,0.06379216101280845,2.30736708657167,0.1384842339797889,2.3273670865716642,0.09512127959731334,2.897367086571667,0,0
Logar,3,0.012594665294445003,-0.027563901606667968,0.023473158627670864,0.032436098393332474,0,0,0.05440193065396855,2.7324360983933342,0.07917878578568256,1.95243609839334,0,0
Kokan,3,0.022769889614933696,-0.05756390160666766,0.047510688224964535,0.5124360983933351,0.013646358284118268,-0.6875639016066675,0,0,0.2040044351925049,1.5524360983933339,0,0
Chora,2,0.038755648769595946,0.11599449931422443,0.013302902237433408,-0.6940055006857754,0.061416374392251234,0.04599449931422492,0,0,0.012715573357844082,-0.8740055006857756,0,0
Mestia,2,0.05066197532307058,0.9659944993142242,0.06586374325106173,1.0859944993142245,0.05476817963805147,-0.10400550068577538,0.14120166333959666,0.25599449931422447,0,0,0,0
FoolsRoad,2,0.057930981261115254,1.1659944993142244,0.048844518579678316,0.6359944993142244,0.006397524297358922,-0.9340055006857757,0,0,0,0,0.29570892244287245,1.655994499314225
Narva,1,0.008213549356747875,-0.5967952832402952,0.05205066756276301,-0.006795283240295089,0.007627040992738957,-0.9067952832402951,0.005886786085866475,-0.9367952832402952,0,0,0.33287570838943237,-0.05679528324029512
Fallujah,5,0.024841986948497163,4.231979413923872,0.0686088805738322,6.75197941392387,0.039118406548542255,2.87197941392387,0,0,0.09893345712926169,2.991979413923871,0,0
Belaya,2,0.0747152931775363,1.1159944993142248,0.040066666959474355,-0.27400550068577534,0.0014597526192683845,-0.9640055006857753,0,0,0,0,0,0
Anvil,2,0.07212936854585034,1.575994499314224,0.049223362151685726,0.6159944993142246,0.057405252878099576,-0.024005500685775755,0,0,0,0,0,0
Mutaha,5,0.05919720238858655,6.381979413923869,0.0758395647206279,4.49197941392387,0.05897450382235858,3.221979413923873,0.07922468066382304,2.771979413923871,0,0,0,0
Kamdesh,1,0.05153013416154597,0.42320471675970484,0.06951475493828996,0.3532047167597048,0.04143808287819177,-0.3967952832402951,0.10425693031935898,-0.4067952832402951,0.008191890641182222,-0.9467952832402942,0,0
AlBasrah,3,0.06709691504984637,2.9024360983933315,0.01880006002209876,-0.5475639016066665,0.07181439042720847,1.2624360983933354,0,0,0.14543020632867568,1.3824360983933324,0,0
Kohat,2,0.005530720128315341,-0.7540055006857755,0.035317899118858485,0.24599449931422443,0.060841797766589364,0.2959944993142245,0,0,0.052913040811739386,-0.42400550068576903,0,0
Skorpo,5,0.07596729317905555,5.711979413923871,0.04685160205004073,4.521979413923873,0.0867097854966474,4.98197941392387,0.03959911873411506,2.7619794139238723,0,0,0,0
GooseBay,2,0.05568225835903685,0.7459944993142245,0.0125162991271364,-0.7540055006857755,0.014236725121631278,-0.8940055006857752,0,0,0,0,0,0
Manic,3,0.07845042733682918,3.5224360983933316,0.06803164900754716,1.3724360983933377,0.09307684261071056,1.9724360983933396,0.13957357228706216,2.0724360983933323,0,0,0,0
LashkarValley,1,0.03997849001505065,0.3932047167597048,0.07663333639614867,0.9132047167597048,0.08190181498800245,0.0432047167597048,0.09958511963907649,-0.09679528324029515,0.10499389178252795,-0.3967952832402951,0,0
Gorodok,4,0.009726342258928659,0.0673670865716631,0.061327649149955386,3.5373670865716633,0.013927027718213416,-0.5226329134283367,0,0,0.19851743937326816,1.7373670865716668,0.18931847078776842,2.227367086571664
BlackCoast,5,0.023105049488525816,3.331979413923877,0.06848008864064986,5.971979413923874,0.03709239305238809,2.811979413923872,0,0,0,0,0,0
Tallil,1,0.05367374848764955,0.4132047167597048,0.014410897972639461,-0.7167952832402951,0.08819774768389192,0.05320471675970481,0.054315298878284145,-0.42679528324029514,0,0,0,0
Yehorivka,4,0.07141687695768091,4.627367086571667,0.005089545131757854,-0.6126329134283368,0.046157837770929216,1.687367086571666,0.1434706654190596,1.1373670865716627,0,0,0.14630822724916426,0.7673670865716631
Sumari,4,0.0008717036528278408,-0.7926329134283374,0.07244112040500805,3.0873670865716623,0.08376738818117513,2.417367086571663,0.017014451289588246,0.11736708657166292,0.12961389265348633,3.1173670865716634,0,0
Logar,3,0.05979677051740278,0.4124360983933324,0.002089777323257653,-0.8475639016066676,0,0,0.22559226028800372,3.6024360983933343,0.09503553933470787,0.772436098393332,0,0
Kokan,3,0.03880816484391484,0.47243609839333234,0.036112319908765164,0.6024360983933323,0.01810463987020033,0.10243609839333231,0,0,0.13716933809727241,1.6024360983933348,0,0
Chora,2,0.08861370824730262,1.1159944993142243,0.08093414480424706,1.265994499314227,0.07715459339614601,1.0959944993142245,0,0,0.09845371921395234,0.24599449931422443,0,0
Mestia,2,0.06511476976341538,0.24599449931422443,0.08338784364497134,1.335994499314227,0.03010508546049543,-0.25400550068577554,0.02530794891751777,-0.7540055006857755,0,0,0,0
FoolsRoad,2,0.000543292329156439,-0.9940055006857753,0.036661802863020065,-0.014005500685775316,0.029068884320203575,0.24599449931422443,0,0,0,0,0.09306103679439295,-0.3140055006857754
Narva,1,0.04902189653753388,-0.386795283240295,0.022376300153558116,-0.5967952832402952,0.03652864635140514,0.05320471675970481,0.13967086670791995,0.153204716759705,0,0,0.2724378599947419,-0.05679528324029512
Fallujah,5,0.04033992668712,1.5219794139238723,0.020723023681855805,0.751979413923872,0.0876729876216158,2.941979413923871,0,0,0.08565172285953922,3.2619794139238705,0,0
Belaya,2,0.07108359589253728,0.4159944993142244,0.028735785952994062,-0.22400550068577527,0.05516310615431593,0.24599449931422443,0,0,0,0,0,0
Anvil,2,0.005071815386739295,-0.9640055006857753,0.08236882321633743,1.6159944993142268,0.07012773545500889,0.7559944993142245,0,0,0,0,0,0
Mutaha,5,0.08884452356087048,5.4319794139238695,0.0797565776544669,6.33197941392387,0.02141617517640156,1.491979413923874,0.02767091773944884,1.4319794139238726,0,0,0,0
Kamdesh,1,0.08990572356791388,0.4132047167597048,0.027591226911523034,-0.5467952832402951,0.07517268852719906,0.5432047167597049,0.15623274438387763,0.9432047167597049,0.06462326551040255,-0.44679528324029516,0,0
AlBasrah,3,0.0038308300143060983,-0.8975639016066677,0.083469363787874,3.1024360983933326,0.06301816767697264,0.7224360983933322,0,0,0.1515390391009095,2.212436098393333,0,0
Kohat,2,0.01825246521674493,-0.5940055006857758,0.03446210871035125,0.24599449931422443,0.02251747931133267,0.24599449931422443,0,0,0.14663203762410057,0.7459944993142245,0,0
Skorpo,5,0.04200942917734041,1.5119794139238707,0.05627622427911443,3.3419794139238714,0.03254775606597374,1.861979413923879,0.04048805889482588,1.7919794139238754,0,0,0,0
GooseBay,2,0.06478793871226673,0.24599449931422443,0.04103420957105741,0.24599449931422443,0.03656676226119292,-0.2340055006857755,0,0,0,0,0,0
Manic,3,0.019447338285398443,-0.6875639016066675,0.024125346790154427,-0.19756390160666745,0.003493322585702377,-0.8775639016066676,0.0423630382299085,0.18243609839333239,0,0,0,0
LashkarValley,1,0.06394210947264567,-0.08679528324029515,0.0010630004430519982,-0.936795283240295,0.05587283291309287,0.05320471675970481,0.0796355597056333,-0.06679528324029513,0.014194447693723824,-0.9467952832402952,0,0
Gorodok,4,0.06648569217347722,2.267367086571663,0.07734620838477341,3.267367086571663,0.09088211884173093,1.627367086571665,0,0,0.07708699791190543,0.197367086571663,0.07906782523290493,1.157367086571663
BlackCoast,5,0.04940535060530146,1.9619794139238784,0.02864253109099767,1.4419794139238729,0.036581322906215484,1.861979413923879,0,0,0,0,0,0
Tallil,1,0.07250737837367023,-0.006795283240295089,0.0035842423873734004,-0.7167952832402951,0.05126790976104596,0.05320471675970481,0.06456536190611308,-0.43679528324029515,0,0,0,0
Yehorivka,4,0.0013155769821139199,-0.862632913428337,0.07681801803524722,3.4873670865716617,0.02297039716257365,1.137367086571663,0.18145879193716308,3.697367086571666,0,0,0.13694855378695614,1.237367086571663
Sumari,4,0.05344864120482991,2.5173670865716655,0.013586766203913943,1.2673670865716637,0.046903596250660824,1.9973670865716977,0.008415547749522273,4.337367086571671,0.05664275022610058,4.6273670865716685,0,0
Logar,3,0.09402926546609111,4.442436098393333,0.04303399512462186,1.3024360983933339,0,0,0.11939577765577554,2.1724360983933346,0.1778991093472265,2.9824360983933333,0,0
Kokan,3,0.080739910582364,5.042436098393344,0.03399796754310123,1.202436098393334,0.06235088805872204,0.772436098393332,0,0,0.1664703292386417,1.7524360983933363,0,0
Chora,2,0.03932112418606965,0.7659944993142245,0.08070814313766347,2.295994499314225,0.041727251783437266,0.5159944993142245,0,0,0.05029750511365039,-0.5840055006857754,0,0
Mestia,2,0.04098219376531977,0.6259944993142246,0.07952877476946314,1.9759944993142333,0.020353274026531514,-0.024005500685775755,0.1050271280034943,0.6459944993142244,0,0,0,0
FoolsRoad,2,0.08075694801722767,3.005994499314226,0.02693507192289747,-0.15400550068577498,0.044380458235174114,0.22599449931422486,0,0,0,0,0.04628317808703073,1.4159944993142244
Narva,1,0.053907340034368936,1.073204716759705,0.060874659321941964,0.8032047167597054,0.09969596514460531,1.083204716759705,0.0811334632221783,0.20320471675970528,0,0,0.15705961792802667,-0.01679528324029486
Fallujah,5,0.07436470078794939,8.071979413923874,0.053187971435535567,7.001979413923873,0.07376601624146079,3.20197941392387,0,0,0.11632817167703849,8.001979413923877,0,0
Belaya,2,0.09611275363981772,3.3259944993142243,0.056189952348536125,1.5459944993142276,0.011913774924769565,-0.3940055006857761,0,0,0,0,0,0
Anvil,2,0.03643939710639721,1.675994499314225,0.06444169166258486,1.7959944993142296,0.027196012104491425,-0.21400550068577548,0,0,0,0,0,0
Mutaha,5,0.009694975506895942,6.831979413923884,0.03842992000184989,7.061979413923872,0.01867784255532217,2.3319794139239036,0.09037787753081876,1.381979413923875,0,0,0,0
Kamdesh,1,0.07330928297263427,2.5732047167597045,0.039181622235664154,0.16320471675970458,0.02633117580912993,-0.20679528324029525,0.10425227453522347,0.7432047167597047,0.03706465826521405,-0.7167952832402951,0,0
AlBasrah,3,0.06480081947823144,2.282436098393352,0.020979191336655264,0.5724360983933356,0.047142909286824235,2.3624360983933315,0,0,0.10242687980299196,0.7324360983933325,0,0
Kohat,2,0.004652988515405448,-0.6540055006857679,0.01987098079300886,-0.15400550068577543,0.017858666973004825,-0.10400550068577538,0,0,0.056514693902620074,-0.5340055006857753,0,0
Skorpo,5,0.006228348996409896,1.5819794139238805,0.05546037799853506,4.841979413923887,0.024996217496026384,2.6219794139238726,0.001317312914692395,4.94197941392388,0,0,0,0
GooseBay,2,0.0059552518453904095,-0.07400550068577536,0.08045854336167885,2.2159944993142275,0.07467481589089328,0.9959944993142305,0,0,0,0,0,0
Manic,3,0.04096647385196808,1.0724360983933323,0.020788761610132447,0.1424360983933339,0.08068034028707416,1.9024360983933437,0.043660184664609844,1.522436098393332,0,0,0,0
LashkarValley,1,0.015883351155769478,-0.5867952832402952,0.036272512174314125,0.08320471675970495,0.0749473110200532,0.35320471675970455,0.07869808395424366,0.7332047167597051,0.19009446695832222,0.07320471675970505,0,0
Gorodok,4,0.006918377691176729,3.6773670865716657,0.03339957600537017,2.547367086571665,0.09210136433031542,2.717367086571664,0,0,0.04626143546819403,-0.3026329134283372,0.26983810072162867,2.667367086571664
BlackCoast,5,0.01609208561582817,8.621979413923881,0.0048506548253318465,3.3219794139238816,0.0503297307583638,3.0419794139238787,0,0,0,0,0,0
Tallil,1,0.046863684452983195,1.1432047167597053,0.07238660711463275,1.2332047167597049,0.032682560499731464,-0.4867952832402952,0.18611498279549618,2.5832047167597043,0,0,0,0
Yehorivka,4,0.058532085126871594,4.577367086571661,0.0654362590725668,6.257367086571664,0.03128982832340807,1.7473670865716677,0.1816073669739454,3.067367086571668,0,0,0.2404630303148863,3.3273670865716714
Sumari,4,0.03540017894104325,2.2273670865716753,0.06630092801180394,3.627367086571664,0.0715164775367292,3.2773670865716698,0.14171041590183195,2.8173670865716645,0.12730443526257476,4.697367086571667,0,0
Logar,3,0.04073858473307943,0.972436098393332,0.003948187999235758,-0.4675639016066675,0,0,0.0071986403652149564,-0.037563901606665534,0.025048505227832963,-0.35756390160665963,0,0
Kokan,3,0.07763463309410652,2.202436098393333,0.048651734899017765,0.5124360983933351,0.010192744375143349,-0.19756390160666745,0,0,0.13687213080123917,1.2324360983933338,0,0
Chora,2,0.04297376095484484,0.5659944993142243,0.02386477856343549,-0.19400550068577535,0.02783714434062832,-0.414005500685775,0,0,0.0837061662620656,-0.01400550068577576,0,0
Mestia,2,0.010358102464699908,-0.5240055006857758,0.0043320510813358365,-0.9140055006857755,0.06616939084624247,0.3959944993142246,0.02552197379222298,-0.7440055006857755,0,0,0,0
FoolsRoad,2,0.07793646779163936,1.1659944993142244,0.0689944292218843,1.0559944993142243,0.03745309282212588,0.06599449931422427,0,0,0,0,0.36645529545822136,1.465994499314228
Narva,1,0.0776373097954528,1.063204716759705,0.0671429207589232,0.6332047167597046,0.02513196643041641,-0.41679528324029513,0.16399027611218664,0.5632047167597047,0,0,0.10460553256254759,-0.9567952832402951
Fallujah,5,0.034537855714641276,3.421979413923874,0.0324520708414873,4.961979413923869,0.07911674635669007,3.3519794139238703,0,0,0.14253248822231288,4.851979413923871,0,0
Belaya,2,0.047319611082592646,0.6259944993142248,0.016908080580628978,-0.7440055006857753,0.06266826947580455,0.5159944993142247,0,0,0,0,0,0
Anvil,2,0.008894298548948753,-0.9140055006857757,0.05267395203929845,0.6159944993142246,0.05543120779481704,0.4759944993142242,0,0,0,0,0,0
Mutaha,5,0.029183041970604232,4.6819794139238695,0.037293735099641706,4.881979413923871,0.054049960873831016,3.221979413923873,0.03270856380140227,2.321979413923871,0,0,0,0
Kamdesh,1,0.02657040654417777,-0.2867952832402949,0.07489385495389644,0.613204716759705,0.03958092985563269,-0.3967952832402951,0.17225105902030988,1.513204716759705,0.04881327096800862,-0.4767952832402942,0,0
AlBasrah,3,0.07308268454886509,2.9024360983933315,0.020682547958325623,-0.04756390160666643,0.08606657012354046,2.2224360983933353,0,0,0.07053741350814274,1.3024360983933323,0,0
Kohat,2,0.03475214373927275,0.16599449931422391,0.03530314760901106,0.07599449931422472,0.0833355018522965,0.7359944993142244,0,0,0.13198780622123268,1.025994499314231,0,0
Skorpo,5,0.06607636694725744,6.521979413923871,0.06540319844103068,5.011979413923873,0.030856395762844258,4.98197941392387,0.05585056498229978,1.801979413923878,0,0,0,0
GooseBay,2,0.07882334530560312,1.2459944993142245,0.05296658721076982,0.24599449931422443,0.02062879387898833,-0.8940055006857752,0,0,0,0,0,0
Manic,3,0.054826161019225245,1.4424360983933329,0.06594755127999213,1.8824360983933457,0.03899423818302487,1.48243609839334,0.01601453537784744,0.15243609839333236,0,0,0,0
LashkarValley,1,0.01389965725742558,-0.6067952832402952,0.03968552624061513,-0.08679528324029515,0.04744588536554179,0.0432047167597048,0.11963390602639783,0.5132047167597049,0.1694447749866194,1.0232047167597047,0,0
Gorodok,4,0.016433159711538952,0.5173670865716631,0.07028397926180595,3.3973670865716636,0.027791588663630663,-0.5226329134283367,0,0,0.06375300853997104,0.977367086571667,0.35350257256149764,2.2273670865716637
BlackCoast,5,0.015684003049265587,2.831979413923877,0.033482256588436905,4.091979413923875,0.04437217676042563,2.811979413923872,0,0,0,0,0,0
Tallil,1,0.05160187091292797,0.6132047167597046,0.04566967500252084,0.06320471675970471,0.007863320630676202,-0.44679528324029516,0.1506297625270452,1.033204716759705,0,0,0,0
Yehorivka,4,0.08563635587278756,5.827367086571668,0.0731188063569029,4.227367086571665,0.08349759807097033,1.6873670865716695,0.11449030209324093,2.457367086571665,0,0,0.04739474323150994,0.24736708657166392
Sumari,4,0.09217749416223182,4.987367086571675,0.016754911084337465,3.167367086571664,0.10142508205056314,3.777367086571675,0.11402236238203649,2.927367086571664,0.11347136005256374,5.697367086571667,0,0
Logar,3,0.013868152100763044,-0.4475639016066679,0.07715191394518119,3.972436098393341,0,0,0.11956322519332452,0.7124360983933347,0.13987679508388007,2.572436098393341,0,0
Kokan,3,0.029842662729198343,-0.06756390160666667,0.022082490280181565,0.012436098393335135,0.0934274251898733,1.7624360983933376,0,0,0.043513014305895506,-0.5575639016066665,0,0
Chora,2,0.020546339814926692,-0.4340055006857757,0.05277174222827208,0.8059944993142247,0.018156275808459094,-0.414005500685775,0,0,0.12410344536464941,0.4259944993142242,0,0
Mestia,2,0.07284048753106909,1.4759944993142242,0.06312259904594866,1.5859944993142259,0.07347498419796054,-0.02400550068577531,0.14233361312368054,0.8159944993142245,0,0,0,0
FoolsRoad,2,0.008595999728324777,-0.7940055006857756,0.008922098385568894,-0.4040055006857757,0.08272218825366726,1.0659944993142243,0,0,0,0,0.11126663284558795,1.4059944993142315
Narva,1,0.0035472117614612675,-0.886795283240295,0.028891586899369482,-0.3267952832402954,0.020543864866838398,-0.41679528324029513,0.15012567459192985,1.0432047167597047,0,0,0.30543990920813363,0.23320471675970508
Fallujah,5,0.09255875556934871,6.311979413923874,0.04870983778204257,4.961979413923869,0.00582745795032483,3.36197941392387,0,0,0.08299316255622474,4.851979413923871,0,0
Belaya,2,0.06582090746311595,1.1859944993142264,0.04155222848024087,0.7559944993142247,0.03577385187216042,0.01599449931422467,0,0,0,0,0,0
Anvil,2,0.02370160142480692,-0.36400550068577564,0.0824155669085213,1.6159944993142268,0.04367837357627,0.4759944993142242,0,0,0,0,0,0
Mutaha,5,0.014998767946482187,0.5919794139238701,0.04604014567060104,4.881979413923871,0.011626889013488203,3.221979413923873,0.15097701712952902,3.7319794139238756,0,0,0,0
Kamdesh,1,0.015877661770167546,-0.7367952832402949,0.05575574522851359,0.613204716759705,0.010950671791709613,-0.3967952832402951,0.00727803472007558,-0.9567952832402951,0.05114798862546318,-0.4767952832402942,0,0
AlBasrah,3,0.009319256885269253,-0.3475639016066685,0.08517094089529599,2.952436098393333,0.0010362981263755055,2.2224360983933353,0,0,0.12486559940681057,1.7624360983933367,0,0
Kohat,2,0.013820328481333789,-0.41400550068577613,0.02372103755763373,-0.22400550068577504,0.014096938688308157,0.7359944993142244,0,0,0.030781907746200418,-0.894005500685769,0,0
Skorpo,5,0.018747153165217488,6.581979413923872,0.04414946771473652,6.511979413923873,0.019063415435483316,4.48197941392387,0.05846495659675681,1.8019794139238843,0,0,0,0
GooseBay,2,0.057933149894811374,0.8059944993142245,0.039433674032970996,0.24599449931422443,0.07459968074763111,1.1059944993142248,0,0,0,0,0,0
Manic,3,0.036260035441229604,0.582436098393333,0.06403715440741148,1.8824360983933537,0.07294788989353256,1.48243609839334,0.04063089514358946,0.15243609839333236,0,0,0,0
LashkarValley,1,0.10477353882417376,1.8932047167597135,0.04860588354117474,0.23320471675970508,0.020979735751595497,0.0432047167597048,0.14040995160407987,0.5132047167597049,0.14664902411165368,0.0532047167597047,0,0
Gorodok,4,0.10174075423303501,9.217367086571663,0.008122882069844323,1.3973670865716636,0.09724325105711025,1.4773670865716633,0,0,0.1425977027466587,1.887367086571674,0.2427023848256057,3.167367086571664
BlackCoast,5,0.059196947914709724,4.4719794139238775,0.05111539434347847,5.061979413923876,0.09863727745445607,2.811979413923872,0,0,0,0,0,0
Tallil,1,0.079645280402931,1.1132047167597046,0.060215291086607704,0.5432047167597047,0.020560808633786534,-0.44679528324029516,0.05753502923268799,-0.406795283240295,0,0,0,0
Yehorivka,4,0.06418751275539258,6.627367086571667,0.03125740841206732,4.227367086571665,0.08322763964040626,1.687367086571673,0.018659240282309857,1.497367086571665,0,0,0.07793725708441963,0.7073670865716639
Sumari,4,0.05949778984218662,4.257367086571676,0.002670528170738349,-0.03263291342833671,0.06819736128509449,3.2373670865716697,0.05970044691367968,2.3273670865716642,0.04298863033065049,2.617367086571668,0,0
Logar,3,0.050174997747318956,1.472436098393332,0.06916241820274234,2.5624360983933325,0,0,0.140492726427346,2.7324360983933342,0.09956403778820333,1.9524360983933489,0,0
Kokan,3,0.08045936699617588,2.4424360983933324,0.05903213173811283,1.452436098393335,0.04141271565995226,-0.09756390160666736,0,0,0.1191774146284859,0.0524360983933336,0,0
Chora,2,0.06316879961438686,1.0759944993142243,0.009625561907464601,-0.6940055006857754,0.0855677571680748,0.4959944993142249,0,0,0.14847437012200027,0.3259944993142241,0,0
Mestia,2,0.031056975002912095,0.015994499314224225,0.013163422708247238,-0.4340055006857755,0.02379998284777513,-0.6040055006857754,0.06584693214613309,0.25599449931422447,0,0,0,0
FoolsRoad,2,0.06354353259914912,1.1659944993142244,0.0948408344383757,2.635994499314224,0.01988138454178863,-0.4340055006857757,0,0,0,0,0.04047457131488234,0.6559944993142253
Narva,1,0.09759795970017117,1.9432047167597124,0.028780642670422272,-0.2567952832402953,0.0811361272386582,0.09320471675970485,0.11868193037882394,0.06320471675970482,0,0,0.09406355960099229,-0.5267952832402951
Fallujah,5,0.0030265510551930343,2.811979413923873,0.03302979915108329,5.331979413923872,0.041292555238081396,2.62197941392387,0,0,0.03589031018993709,3.0819794139238708,0,0
Belaya,2,0.0058101663993455795,-0.8840055006857752,0.09686525040971869,2.4359944993142255,0.02428747303195912,-0.4340055006857757,0,0,0,0,0,0
Anvil,2,0.014440447230929715,-0.39400550068577567,0.0869222218549313,2.1159944993142243,0.05811275584983224,-0.024005500685775755,0,0,0,0,0,0
Mutaha,5,0.027291764553620666,4.451979413923869,0.042087382472157285,4.441979413923869,0.055809855419407764,3.091979413923873,0.14334360195386958,2.771979413923871,0,0,0,0
Kamdesh,1,0.06003514333022008,0.9132047167597048,0.03271042113539242,-0.1467952832402952,0.061935704939492374,0.0432047167597048,0.018621773236705164,-0.4067952832402951,0.035697077049157,-0.5467952832402942,0,0
AlBasrah,3,0.042462313163158065,2.422436098393332,0.07579885088528696,3.8724360983933392,0.07340886070464772,1.2624360983933354,0,0,0.11246957554914719,1.022436098393332,0,0
Kohat,2,0.08579658905971646,2.2459944993142242,0.037305825181626034,0.24599449931422443,0.0637040684215006,0.2959944993142245,0,0,0.10088431801961202,-0.1440055006857692,0,0
Skorpo,5,0.0024557199027840115,4.3019794139238705,0.0013471594409719561,-0.6180205860761274,0.037210881101167485,4.98197941392387,0.11144220730163137,2.7619794139238723,0,0,0,0
GooseBay,2,0.038036211552663284,0.7459944993142245,0.02917782171578978,0.24599449931422443,0.08304673657419574,0.6659944993142248,0,0,0,0,0,0
Manic,3,0.10015352977467669,5.022436098393332,0.02867625760353562,0.6224360983933375,0.07082529217177672,1.9724360983933484,0.0700878039735172,2.0724360983933323,0,0,0,0
LashkarValley,1,0.06656248126935373,0.8932047167597048,0.010376525092368334,-0.7867952832402949,0.0529394362092881,-0.3667952832402951,0.09726365062481745,-0.09679528324029515,0.13330370532968092,0.033204716759704794,0,0
Gorodok,4,0.0026603761123806095,-0.4326329134283369,0.017400459745775372,0.5773670865716634,0.021706645409180103,-0.08263291342833676,0,0,0.17155056099312568,2.237367086571667,0.31022989983581045,2.1973670865716644
BlackCoast,5,0.033944488733797164,3.331979413923877,0.09954829308970296,11.631979413923872,0.0013504124329519597,3.2819794139238727,0,0,0,0,0,0
Tallil,1,0.0205819010867111,-0.5867952832402952,0.08525074119965972,1.2932047167597047,0.018980318868354124,-0.9467952832402952,0.08009639621323773,-0.42679528324029514,0,0,0,0
Yehorivka,4,0.051242895273149,4.627367086571667,0.04622745118589707,2.2873670865716633,0.015393674886821125,0.777367086571666,0.09442253083023902,1.1373670865716627,0,0,0.30069068630775464,1.687367086571666
Sumari,4,0.031534137658762555,3.7573670865716817,0.029088215668496516,2.967367086571663,0.02749965778781311,1.32736708657167,0.09577174521819942,2.8273670865716642,0.12874147253650572,3.397367086571668,0,0
Logar,3,0.03367655318146003,1.472436098393332,0.01691322288863153,2.0624360983933325,0,0,0.012468773917971186,0.1624360983933348,0.13507715079126806,1.2424360983933522,0,0
Kokan,3,0.020421474191137958,0.9624360983933324,0.028315975461022533,1.6224360983933348,0.03666052394080431,-0.09756390160666736,0,0,0.1338253927880628,0.7024360983933338,0,0
Chora,2,0.06485312105912874,1.555994499314225,0.00001848758510463405,-0.6940055006857754,0.07879953266986954,0.4959944993142249,0,0,0.03359796167757473,-0.6240055006857759,0,0
Mestia,2,0.04274979333303386,1.4959944993142242,0.09783470934552907,4.565994499314224,0.03537744015800997,-0.5340055006857753,0.09120457152302885,1.0159944993142243,0,0,0,0
FoolsRoad,2,0.03807371975028303,1.1659944993142244,0.019008754420974796,0.6559944993142242,0.008563521209407064,-0.8740055006857756,0,0,0,0,0.2709774051907807,1.1259944993142252
Narva,1,0.04421895388404116,1.4432047167597126,0.022548253603485256,-0.2567952832402953,0.09048839829801224,0.593204716759705,0.08442083353627086,0.5332047167597047,0,0,0.21181324278961328,-0.5267952832402951
Fallujah,5,0.08821082467085725,2.341979413923873,0.05243576765283943,4.881979413923872,0.06270989661856718,2.20197941392387,0,0,0.1094130495692061,4.89197941392387,0,0
Belaya,2,0.014868155967515962,-0.3840055006857752,0.08308747875409862,3.4359944993142255,0.09700114880527752,0.9659944993142242,0,0,0,0,0,0
Anvil,2,0.05995506413061158,2.1059944993142246,0.008586129264327145,-0.37400550068577565,0.06812302540117646,0.4659944993142242,0,0,0,0,0,0
Mutaha,5,0.09099309991991161,5.42197941392387,0.06202005187400797,4.441979413923869,0.06973564062811108,3.091979413923873,0.13576625340993606,3.0419794139238707,0,0,0,0
Kamdesh,1,0.07419714013653077,1.913204716759713,0.06962255853312181,1.3532047167597048,0.03313128605779133,-0.44679528324029516,0.1561366095816421,0.9832047167597049,0.12590425610359937,-0.286795283240294,0,0
AlBasrah,3,0.031002828125200485,1.9324360983933404,0.04891783353849903,3.8724360983933463,0.03378625446041612,0.36243609839333546,0,0,0.12362510031434651,1.022436098393332,0,0
Kohat,2,0.03139559535972801,1.2859944993142243,0.004820382816306895,-0.25400550068577554,0.02729235648265481,-0.19400550068577546,0,0,0.10589494501224499,-0.1440055006857692,0,0
Skorpo,5,0.006450493643637811,3.8119794139238774,0.06493180848374347,-0.11802058607612739,0.0020184796383881437,4.98197941392387,0.17545716974157863,3.641979413923874,0,0,0,0
GooseBay,2,0.0780113999277886,2.7459944993142242,0.07720110097469472,2.7459944993142242,0.10154546843563078,1.1459944993142248,0,0,0,0,0,0
Manic,3,0.04800619135041357,4.522436098393332,0.07784444182390801,5.122436098393337,0.04305066117161026,1.012436098393349,0.02359604564575134,0.8224360983933339,0,0,0,0
LashkarValley,1,0.026157835538616912,0.8932047167597048,0.08226470057834942,2.713204716759705,0.02495202576236281,-0.5367952832402952,0.059717384210423385,-0.33679528324029495,0.10036160497838828,-0.45679528324029517,0,0
Gorodok,4,0.061278970202352144,3.5673670865716645,0.07510732078028359,4.5773670865716625,0.027581421031530072,-0.12263291342833679,0,0,0.0035590662288035,-0.9026329134283326,0.11766016324939291,2.6973670865716644
BlackCoast,5,0.037934998829916945,4.20197941392388,0.000767676159258028,11.631979413923872,0.05852229791380503,2.801979413923873,0,0,0,0,0,0
Tallil,1,0.030078541316266246,0.3732047167597048,0.009104575176260177,-0.20679528324029525,0.023885212723389965,-0.9467952832402952,0.07356433167774966,0.05320471675970481,0,0,0,0
Yehorivka,4,0.0459311078228048,5.107367086571667,0.06956055461705758,3.2873670865716633,0.04927575080537248,1.6673670865716677,0.09189628153744848,1.8173670865716651,0,0,0.0915371332213649,2.2373670865716666
Sumari,4,0.07727214152865954,5.177367086571682,0.05796341046984356,2.467367086571663,0.05695788211645697,1.8273670865716767,0.11001817117311677,3.167367086571665,0.08551431233007106,4.397367086571668,0,0
Logar,3,0.04841707162258182,2.632436098393333,0.09572484221152211,4.862436098393337,0,0,0.04485715580602413,0.1624360983933348,0.07499119368832988,-0.07756390160664803,0,0
Kokan,3,0.07027407405413497,3.212436098393332,0.011552597730873025,0.8724360983933355,0.05212148761125401,0.0824360983933323,0,0,0.09546394433802854,0.5024360983933336,0,0
Chora,2,0.0794724415496414,3.0559944993142247,0.0757719376044504,3.0559944993142247,0.058958976870123705,0.2459944993142247,0,0,0.20500659528816284,0.8759944993142241,0,0
Mestia,2,0.022786140004807765,0.5259944993142243,0.07773094635679367,4.565994499314224,0.03888126397283552,-0.03400550068577532,0.13705568647887617,1.0159944993142243,0,0,0,0
FoolsRoad,2,0.06315787964801106,2.165994499314224,0.014462862554026948,-0.004005500685775987,0.005452733581826658,-0.8740055006857756,0,0,0,0,0.3371534778168232,1.6159944993142277
Narva,1,0.008200233696359915,-0.5167952832402873,0.032492202684982444,0.21320471675970462,0.03933436658072608,-0.15679528324029476,0.014126298113257335,-0.9567952832402953,0,0,0.32292807546285224,-0.5267952832402951
Fallujah,5,0.0052055062436115185,2.341979413923873,0.051910271925698255,4.881979413923872,0.07018392403117062,2.20197941392387,0,0,0.10883002352966444,5.941979413923871,0,0
Belaya,2,0.07233905152411003,2.1159944993142243,0.02365330133106625,1.5659944993142285,0.0013699298451833864,-0.7840055006857756,0,0,0,0,0,0
Anvil,2,0.038797015907816416,1.1859944993142246,0.058619679318529405,2.3459944993142248,0.0805942904924823,0.6159944993142243,0,0,0,0,0,0
Mutaha,5,0.0616389639950322,5.871979413923871,0.07039982066988092,5.81197941392387,0.07497226088810031,2.2519794139238734,0.06259603844104458,3.531979413923872,0,0,0,0
Kamdesh,1,0.04997375660855122,0.9732047167597138,0.04347297600869225,1.3532047167597048,0.04962793961756095,-0.06679528324029524,0.06368087904285984,-0.5167952832402951,0.013308135935356152,-0.786795283240294,0,0
AlBasrah,3,0.04532157460419984,1.5824360983933419,0.07016933096396054,4.3724360983933455,0.07685397035708467,1.2524360983933354,0,0,0.03433099617534974,-0.4175639016066679,0,0
Kohat,2,0.0666737105725625,2.215994499314225,0.0396525674981172,1.7559944993142296,0.02507464004440226,-0.5440055006857754,0,0,0.1411502142352224,0.3559944993142308,0,0
Skorpo,5,0.0501601721474021,3.8119794139238845,0.01268664153501974,-0.21802058607612704,0.0789457941917446,5.361979413923871,0.07564865049249204,3.561979413923874,0,0,0,0
GooseBay,2,0.01663248755990224,-0.2140055006857757,0.015233041773994815,1.4859944993142298,0.0012342904853170494,-0.704005500685775,0,0,0,0,0,0
Manic,3,0.000041592414789589534,-0.9575639016066684,0.033047847468102985,3.332436098393339,0.06925690041010733,1.7724360983933518,0.13816166740993202,1.3124360983933339,0,0,0,0
LashkarValley,1,0.044425834398868054,0.8932047167597048,0.02175471927027325,0.8932047167597059,0.05505573629325046,-0.1767952832402949,0.1310733961347634,0.663204716759705,0.16847562078382022,0.5432047167597047,0,0
Gorodok,4,0.04004563369617402,3.5673670865716662,0.08478400553898616,5.337367086571662,0.07357522679682106,1.9873670865716695,0,0,0.07292896369599464,0.09736708657166734,0.1635355948258841,3.317367086571664
BlackCoast,5,0.0742933907721468,4.68197941392388,0.017031625758985737,11.041979413923872,0.02249204736607465,2.4019794139238737,0,0,0,0,0,0
Tallil,1,0.019608578283426603,-0.09679528324029515,0.07984051085936811,2.643204716759704,0.03864209190419009,-0.3567952832402951,0.11411665627572513,0.05320471675970481,0,0,0,0
Yehorivka,4,0.04526274916721041,4.677367086571667,0.01204486046683212,3.727367086571663,0.03041424654328726,1.1773670865716679,0.10866540063190851,1.8073670865716713,0,0,0.17015069174478858,2.237367086571666
Sumari,4,0.052596431407258934,4.677367086571682,0.07576604041295312,3.467367086571663,0.006504359337352601,0.207367086571677,0.08059084994404388,3.167367086571665,0.09834260796262326,3.8973670865716765,0,0
Logar,3,0.06861202779570764,3.8724360983933375,0.05543641083357988,4.332436098393337,0,0,0.0663774228649417,0.6624360983933348,0.12989821223709527,1.9124360983933604,0,0
Kokan,3,0.024826134235900126,1.142436098393333,0.03928244077074043,0.8724360983933355,0.05740810736379971,0.5824360983933323,0,0,0.14315673062704423,2.4824360983933342,0,0
Chora,2,0.06840033299723786,2.795994499314225,0.04935575691406877,3.0559944993142247,0.07056488594775766,1.2259944993142247,0,0,0.15342001274336334,1.8159944993142296,0,0
Mestia,2,0.01969513875317209,0.01599449931422467,0.003324552104001623,4.265994499314225,0.04235777230080789,-0.03400550068577532,0.08088688077378486,0.06599449931422427,0,0,0,0
FoolsRoad,2,0.08367559176250924,2.8559944993142246,0.042524041416012445,1.2859944993142238,0.036353867530206356,0.05599449931422426,0,0,0,0,0.29230150716663206,1.1359944993142284
Narva,1,0.03462876185387407,0.24320471675971242,0.047009548882973644,1.243204716759705,0.047883201452847884,-0.15679528324029476,0.1412908244467108,0.5432047167597047,0,0,0.2316476502528784,-0.5267952832402951
Fallujah,5,0.02644492832178001,3.6219794139238735,0.09563164803576135,4.641979413923872,0.04406817936490588,2.70197941392387,0,0,0.06218958534570662,6.381979413923871,0,0
Belaya,2,0.03734913565747355,1.045994499314225,0.07252430342157531,3.025994499314229,0.07941999244529957,1.1159944993142243,0,0,0,0,0,0
Anvil,2,0.025527875691166234,0.43599449931422485,0.022431239068105097,1.955994499314231,0.06099307986305268,1.0859944993142243,0,0,0,0,0,0
Mutaha,5,0.022048330544621478,3.6419794139238704,0.01229370978049229,5.81197941392387,0.018314890498030482,2.2519794139238734,0.0454072998297912,2.1819794139238713,0,0,0,0
Kamdesh,1,0.05524458224245916,0.9732047167597138,0.05171723043179266,1.8132047167597098,0.014109708184236807,-0.4667952832402952,0.12419246043179585,0.46320471675970487,0.06479351327767469,-0.296795283240294,0,0
AlBasrah,3,0.006125691715672417,-0.277563901606658,0.008907807871003318,3.962436098393352,0.010828570555978878,0.32243609839333587,0,0,0.04391982988308093,-0.4175639016066679,0,0
Kohat,2,0.07232167452978581,2.5259944993142245,0.019687620272850623,1.755994499314235,0.012963666797814221,-0.04400550068577533,0,0,0.09735445085815254,0.3559944993142308,0,0
Skorpo,5,0.031122841356007007,3.3419794139238856,0.0786984507233702,0.23197941392387286,0.04002105364430647,5.361979413923871,0.1343917352474314,4.291979413923875,0,0,0,0
GooseBay,2,0.05252275954271838,1.6559944993142242,0.012661765919974997,1.0659944993142298,0.06851112724220772,0.6759944993142248,0,0,0,0,0,0
Manic,3,0.08361303675691857,3.8924360983933357,0.016848506016323768,2.2724360983933405,0.042441305938578235,0.9824360983933536,0.11072678672795144,1.3124360983933339,0,0,0,0
LashkarValley,1,0.0454621381991356,0.42320471675970484,0.06576996739060599,2.633204716759706,0.06795989406234702,0.28320471675970504,0.0703344413436012,-0.12679528324029476,0.0968873678960223,0.04320471675970469,0,0
Gorodok,4,0.07218615682826711,4.067367086571666,0.03044083030429783,5.337367086571662,0.07590625329342186,1.107367086571671,0,0,0.1100376891692369,1.2073670865716675,0.14662889649762234,3.4473670865716644
BlackCoast,5,0.04895936442488371,5.51197941392388,0.09644282844492401,11.041979413923872,0.08110012165089181,2.8719794139238735,0,0,0,0,0,0
Tallil,1,0.06655283640272688,1.4232047167597055,0.022158134783208584,1.4032047167597073,0.06458458597500558,0.11320471675970487,0.005780868030379633,-0.8767952832402951,0,0,0,0
Yehorivka,4,0.002084228980724147,-0.3226329134283308,0.08108716620138401,3.767367086571668,0.057705376551150475,0.7073670865716679,0.14002043035956788,2.2873670865716713,0,0,0.10708203507736334,2.3773670865716667
Sumari,4,0.05053778327080534,1.8973670865716679,0.03719968512676886,2.097367086571662,0.018404002891577127,0.9473670865716632,0.09779940677535523,0.617367086571663,0.11862559841878727,3.1173670865716634,0,0
Logar,3,0.014116143345164216,-0.5875639016066676,0.018525793458765292,-0.36756390160666763,0,0,0.15501309017203246,3.602436098393336,0.19487131791810852,1.4824360983933318,0,0
Kokan,3,0.08193842044229481,2.972436098393332,0.0035709937951772853,-0.8075639016066676,0.06280372750794055,1.1024360983933323,0,0,0.045740369760878544,1.7324360983933362,0,0
Chora,2,0.060498047989533454,1.1159944993142243,0.05287861327035994,0.805994499314227,0.06650766697888423,1.0959944993142245,0,0,0.1856062239458798,1.7259944993142287,0,0
Mestia,2,0.08231067055589276,1.2459944993142245,0.048186676401143505,0.345994499314227,0.007908119050025626,-0.7440055006857755,0.1342524366636296,1.7459944993142296,0,0,0,0
FoolsRoad,2,0.03691825031511421,0.005994499314224674,0.060865666164036686,0.5859944993142248,0.013090766183152637,-0.7540055006857755,0,0,0,0,0.238860069823948,1.5759944993142245
Narva,1,0.06974265604013719,0.613204716759705,0.055642660702552034,0.4032047167597048,0.037467041905980734,-0.41679528324029513,0.03545965388100782,0.153204716759705,0,0,0.22528303331058916,-0.05679528324029512
Fallujah,5,0.062019992698981084,3.321979413923872,0.05738924806435691,6.761979413923873,0.009146635773161153,2.941979413923871,0,0,0.09541807714866697,2.951979413923871,0,0
Belaya,2,0.05365972401475873,0.4159944993142244,0.049317885470191336,0.7759944993142247,0.0887411071366749,1.1659944993142244,0,0,0,0,0,0
Anvil,2,0.01566141375664819,-0.4640055006857753,0.046411236826664634,0.16599449931422702,0.0658732509223157,0.7559944993142245,0,0,0,0,0,0
Mutaha,5,0.07468424011184138,6.771979413923869,0.056756931326700386,5.261979413923871,0.06924651801939502,1.841979413923878,0.007603227853136132,1.4319794139238726,0,0,0,0
Kamdesh,1,0.07234076075336053,0.4132047167597048,0.018566345084105453,-0.5467952832402951,0.016711125231780824,-0.6667952832402948,0.13591578625918957,1.4232047167597048,0.028132537175632435,-0.9167952832402947,0,0
AlBasrah,3,0.0652843149581276,2.412436098393332,0.06840072814932935,3.5624360983933325,0.029496114066927353,0.26243609839333226,0,0,0.07977223468654421,1.4624360983933378,0,0
Kohat,2,0.06300545457085001,0.5759944993142243,0.06436068514777561,0.7859944993142245,0.10787641302479677,1.2159944993142253,0,0,0.1383404386883737,0.4759944993142242,0,0
Skorpo,5,0.04577787457419632,2.28197941392387,0.03524454116619375,3.2219794139238713,0.03923756568647342,1.4819794139238818,0.16182398797739955,2.291979413923875,0,0,0,0
GooseBay,2,0.004022082072892534,-0.7540055006857755,0.0485733591524515,0.7459944993142245,0.06842441394882567,0.6059944993142243,0,0,0,0,0,0
Manic,3,0.029667060302839693,0.11243609839333232,0.026110904160050012,0.1924360983933324,0.05965350226175679,0.5824360983933323,0.08948879376416011,0.18243609839333239,0,0,0,0
LashkarValley,1,0.005022759096402528,-0.936795283240295,0.04318890578732442,0.06320471675970493,0.09915734055309715,0.553204716759705,0.06480067943229192,-0.5367952832402951,0.05757976212161092,-0.45679528324029517,0,0
Gorodok,4,0.02092946240442564,0.26736708657166286,0.030659860435505233,1.9573670865716684,0.07347616133799063,1.6273670865716676,0,0,0.055913440135517634,0.5173670865716633,0.05641408256091229,3.6673670865716677
BlackCoast,5,0.03640101195189459,1.9619794139238873,0.0692435964632921,6.401979413923874,0.032655285023409,1.861979413923887,0,0,0,0,0,0
Tallil,1,0.012810309641344369,-0.846795283240295,0.06407857375547936,0.5432047167597047,0.007890411870651683,-0.746795283240295,0.05749723548007211,0.5632047167597047,0,0,0,0
Yehorivka,4,0.042651567132494766,1.137367086571663,0.04482711009177636,3.4873670865716617,0.02623283062518305,1.3673670865716636,0.06034570174172536,3.207367086571666,0,0,0.19071805099133107,2.2373670865716626
Sumari,4,0.03630603870317315,2.397367086571668,0.016789381382976226,1.5273670865716626,0.06619878560026501,1.2773670865716673,0.09888994668286472,3.0373670865716633,0.14361180964505543,4.967367086571663,0,0
Logar,3,0.03229549364135511,0.4124360983933324,0.06958482621349597,2.502436098393332,0,0,0.14176180901509194,3.152436098393336,0.1383136844448309,1.8724360983933377,0,0
Kokan,3,0.06360928825006809,1.99243609839334,0.022079969728444736,-0.6975639016066675,0.08990648088807696,1.5424360983933323,0,0,0.1179772974248716,1.7224360983933402,0,0
Chora,2,0.06168237819063953,0.6659944993142244,0.028228631723344562,0.4559944993142271,0.04461415848918707,0.1859944993142246,0,0,0.04931481767850316,-0.414005500685771,0,0
Mestia,2,0.026528964421192076,-0.2340055006857755,0.08022938815370714,2.02599449931423,0.023394452131069228,-0.35400550068577563,0.13588469652714166,1.745994499314235,0,0,0,0
FoolsRoad,2,0.0037253758919025583,-0.9540055006857753,0.07954685671360724,2.085994499314225,0.05243595259491554,0.6659944993142239,0,0,0,0,0.32445646699159836,2.1559944993142244
Narva,1,0.02302530733047471,-0.386795283240295,0.014095246472209503,-0.366795283240295,0.058676604418865526,0.023204716759704785,0.006347636585776778,-0.8267952832402949,0,0,0.4011313996610011,1.3932047167597048
Fallujah,5,0.05343915597052304,4.311979413923872,0.05139724153408833,6.4119794139238735,0.09161710001941402,3.6219794139238717,0,0,0.07921054959248724,3.351979413923871,0,0
Belaya,2,0.050578438660777235,0.4159944993142244,0.0038273752365578233,-0.934005500685775,0.020981576357113303,-0.27400550068577556,0,0,0,0,0,0
Anvil,2,0.047736339384117865,0.5359944993142247,0.047841362324565866,1.165994499314227,0.07528593048886524,0.6959944993142244,0,0,0,0,0,0
Mutaha,5,0.08162963578099242,9.031979413923867,0.10360103155671145,5.991979413923872,0.038019501187036786,1.3619794139238781,0.1008223741346117,2.6619794139238735,0,0,0,0
Kamdesh,1,0.05894952449999053,0.4132047167597048,0.054562684496526834,0.45320471675970486,0.08875765623298269,0.3332047167597052,0.10944149002110751,0.4832047167597049,0.179199119392758,0.4832047167597052,0,0
AlBasrah,3,0.041900226396831476,1.3824360983933321,0.06100370103623821,3.0624360983933325,0.010940370828805727,-0.6875639016066677,0,0,0.10601099774293031,1.832436098393342,0,0
Kohat,2,0.05707466703530986,0.6359944993142244,0.03769423371759556,0.7859944993142245,0.057141357125706366,0.2359944993142253,0,0,0.018473361548155404,-0.8840055006857757,0,0
Skorpo,5,0.03629845971971043,2.28197941392387,0.007482703090781553,2.2619794139238723,0.0038261450448863242,-0.20802058607611792,0.05402561725439545,3.6019794139238757,0,0,0,0
GooseBay,2,0.045318867130124556,0.24599449931422443,0.04456162821126042,0.7459944993142245,0.08347855079120596,0.5759944993142243,0,0,0,0,0,0
Manic,3,0.0816477080084441,3.1124360983933324,0.08075402974028836,3.4924360983933322,0.04118148054690863,0.13243609839333237,0.15465652563166946,2.952436098393332,0,0,0,0
LashkarValley,1,0.026538754337866767,-0.43679528324029504,0.05190733182726187,0.42320471675970484,0.043117108405648356,-0.44679528324029505,0.08337774404656242,0.0032047167597049064,0.11940647952546539,-0.276795283240295,0,0
Gorodok,4,0.02452819424364604,0.26736708657166286,0.01951763612990172,1.9573670865716772,0.010216495391150908,-0.422632913428332,0,0,0.048481883004942654,0.15736708657166296,0.08647679384906926,3.4573670865716677
BlackCoast,5,0.07004887525216569,5.361979413923887,0.06100965512032873,6.561979413923874,0.08950039918011166,2.88197941392389,0,0,0,0,0,0
Tallil,1,0.05631301620459565,0.153204716759705,0.013611803456548222,-0.7067952832402951,0.010439996001343991,-0.746795283240295,0.03496204479516897,-0.42679528324029525,0,0,0,0
Yehorivka,4,0.020825290946099178,0.5673670865716629,0.05067328213355973,3.4873670865716617,0.00026989827644089104,-0.17263291342833595,0.07983011530560945,3.657367086571668,0,0,0.05521735262418546,2.2373670865716626
Sumari,4,0.07951890888368997,3.977367086571675,0.010905115405873184,1.1673670865716628,0.06277746263602553,1.777367086571673,0.1393342898200127,3.4873670865716635,0.17280180613815713,5.967367086571663,0,0
Logar,3,0.0788033733150646,1.902436098393341,0.07518352369343431,2.752436098393333,0,0,0.0450332764640707,3.152436098393336,0.14310154188699706,1.8424360983933439,0,0
Kokan,3,0.04008128851177595,1.1024360983933403,0.0015528484866617427,-0.6975639016066675,0.042026862772129026,2.042436098393332,0,0,0.02748758192186952,-0.6375639016066597,0,0
Chora,2,0.05528603853255467,0.3059944993142245,0.013452222533842376,-0.5440055006857729,0.05110893755722463,0.03599449931422491,0,0,0.06584335001828284,-0.414005500685771,0,0
Mestia,2,0.03488403692384314,-0.2340055006857755,0.05311226708396433,0.5259944993142298,0.08861770171284537,1.1459944993142244,0.1534796618874483,1.9959944993142427,0,0,0,0
FoolsRoad,2,0.007511565245477824,-0.7440055006857751,0.010796362232213554,-0.6840055006857753,0.0007147689767420251,-0.814005500685776,0,0,0,0,0.009093014285100327,1.6559944993142277
Narva,1,0.010300860506777589,-0.876795283240295,0.05855184782301464,0.633204716759705,0.0753459558060939,0.353204716759705,0.10026951266106483,0.6732047167597051,0,0,0.14856854881735607,0.5432047167597049
Fallujah,5,0.033863075785850544,4.311979413923872,0.009136086812429205,4.271979413923875,0.08829488543130329,4.101979413923871,0,0,0.07964876974921778,3.351979413923871,0,0
Belaya,2,0.07293666792640957,0.8459944993142243,0.012752701735674995,-0.5440055006857751,0.010536026040657986,-0.7640055006857756,0,0,0,0,0,0
Anvil,2,0.0908880422061896,1.535994499314225,0.09447127454416578,2.665994499314227,0.09114931751094006,1.1959944993142244,0,0,0,0,0,0
Mutaha,5,0.015039472032249701,6.331979413923868,0.06859827255603196,6.991979413923872,0.012501770156590796,1.861979413923886,0.13259196910521068,3.9019794139238786,0,0,0,0
Kamdesh,1,0.021371706967113865,-0.5467952832402951,0.0780342429395924,0.9532047167597049,0.02680835432205282,-0.6667952832402948,0.142635836756909,1.6432047167597046,0.1824564055135221,0.4832047167597052,0,0
AlBasrah,3,0.034723930191018514,0.9024360983933319,0.07043045324334034,3.5624360983933316,0.07334253718903534,2.3124360983933325,0,0,0.06881187956414081,0.562436098393343,0,0
Kohat,2,0.05664038725062653,0.9259944993142242,0.08658685810813675,2.4759944993142255,0.08325576023735552,0.7359944993142253,0,0,0.0288732672682153,-0.7040055006857759,0,0
Skorpo,5,0.038498828361202955,2.57197941392387,0.08273250781088612,5.061979413923872,0.028573334406285258,0.791979413923882,0.09103686234150397,3.6019794139238774,0,0,0,0
GooseBay,2,0.05967590643374717,0.24599449931422443,0.047323049864968575,0.2759944993142245,0.07265956438027064,1.0559944993142243,0,0,0,0,0,0
Manic,3,0.06042056412051231,2.6824360983933326,0.04134047188131241,1.0624360983933328,0.03862202273957536,0.13243609839333237,0.01265836225359525,2.4924360983933322,0,0,0,0
LashkarValley,1,0.07390691221851997,0.3232047167597052,0.00933646278921441,-0.5767952832402952,0.03767208110834184,-0.44679528324029505,0.06212140924198914,-0.35679528324029497,0.1885799591974333,0.22320471675970496,0,0
Gorodok,4,0.08201384368425636,3.187367086571663,0.06304550223681074,3.137367086571679,0.04747205016427929,0.577367086571668,0,0,0.042395438742164226,-0.11263291342833678,0.32004601221923723,4.367367086571669
BlackCoast,5,0.006806643627877491,4.761979413923887,0.07979963276429962,7.371979413923874,0.02476804132553333,2.88197941392389,0,0,0,0,0,0
Tallil,1,0.0031705907038177975,-0.9667952832402946,0.0003235883312571557,-0.7067952832402951,0.04140984898419296,-0.256795283240295,0.05180525727446665,0.04320471675970469,0,0,0,0
Yehorivka,4,0.043657356571423694,0.697367086571663,0.032534707122875275,1.287367086571664,0.0023427165425252,-0.17263291342833595,0.06903356219372866,3.6573670865716714,0,0,0.011297941989718131,2.4473670865716626
